"Country or Area","Year","Value","Value Footnotes"
"Algeria","2022","71.2432","1"
"Algeria","2021","66.2356","1"
"Algeria","2020","60.6534","1"
"Algeria","2019","58.9776","1"
"Algeria","2018","49.0385",""
"Algeria","2017","47.6911","1"
"Algeria","2016","42.9455","1"
"Algeria","2015","38.2","1"
"Algeria","2014","29.5","1"
"Algeria","2013","22.5","1"
"Algeria","2012","18.2","1"
"Algeria","2011","14.9","1"
"Algeria","2010","12.5",""
"Algeria","2009","11.23",""
"Algeria","2008","10.18",""
"Algeria","2007","9.45119",""
"Algeria","2006","7.37598",""
"Algeria","2005","5.84394",""
"Algeria","2004","4.63448",""
"Algeria","2003","2.19536",""
"Algeria","2002","1.59164",""
"Algeria","2001","0.646114",""
"Algeria","2000","0.491706",""
"Algeria","1999","0.199524",""
"Algeria","1998","0.0202386",""
"Algeria","1997","0.0102685",""
"Algeria","1996","0.00173853",""
"Algeria","1995","0.00176895",""
"Algeria","1994","0.000360674",""
"Algeria","1990","0",""
"Angola","2022","39.2935","1"
"Angola","2021","37.8067","1"
"Angola","2020","36.6347","1"
"Angola","2019","32.1294","1"
"Angola","2018","29","1"
"Angola","2017","26","1"
"Angola","2016","23.2","2"
"Angola","2015","22","1"
"Angola","2014","21.3623",""
"Angola","2013","13","1"
"Angola","2012","7.7","1"
"Angola","2011","4.7","1"
"Angola","2010","2.8","1"
"Angola","2009","2.3","1"
"Angola","2008","1.9","1"
"Angola","2007","1.7","1"
"Angola","2006","1.5",""
"Angola","2005","1.14337",""
"Angola","2004","0.464815",""
"Angola","2003","0.370682",""
"Angola","2002","0.270377",""
"Angola","2001","0.136014",""
"Angola","2000","0.105046",""
"Angola","1999","0.0719641",""
"Angola","1998","0.0184537",""
"Angola","1997","0.00567375",""
"Angola","1996","0.000775929",""
"Angola","1990","0",""
"Benin","2022","33.7602","1"
"Benin","2021","30.7419","1"
"Benin","2020","22.1206","1"
"Benin","2019","20.5","1"
"Benin","2018","19","1"
"Benin","2017","18.7",""
"Benin","2016","14.5","1"
"Benin","2015","11.255","1"
"Benin","2014","6","1"
"Benin","2013","4.9","1"
"Benin","2012","4.5","1"
"Benin","2011","4.14832",""
"Benin","2010","3.13",""
"Benin","2009","2.24",""
"Benin","2008","1.85",""
"Benin","2007","1.79",""
"Benin","2006","1.53785",""
"Benin","2005","1.27103",""
"Benin","2004","1.18254",""
"Benin","2003","0.951327",""
"Benin","2002","0.702946",""
"Benin","2001","0.363418",""
"Benin","2000","0.225248",""
"Benin","1999","0.154907",""
"Benin","1998","0.0478773",""
"Benin","1997","0.0246488",""
"Benin","1996","0.0016931",""
"Benin","1990","0",""
"Botswana","2022","77.3272","1"
"Botswana","2021","75.2388","1"
"Botswana","2020","67.4756","1"
"Botswana","2019","64.8263","1"
"Botswana","2018","58","1"
"Botswana","2017","41.4138","1"
"Botswana","2016","39.363","1"
"Botswana","2015","37.3121","1"
"Botswana","2014","36.7447",""
"Botswana","2013","30","1"
"Botswana","2012","16","1"
"Botswana","2011","9",""
"Botswana","2010","6",""
"Botswana","2009","6.15",""
"Botswana","2008","6.25",""
"Botswana","2007","5.28",""
"Botswana","2006","4.28993",""
"Botswana","2005","3.26255","1"
"Botswana","2004","3.30489",""
"Botswana","2003","3.34519",""
"Botswana","2002","3.38592",""
"Botswana","2001","3.43089",""
"Botswana","2000","2.90267",""
"Botswana","1999","1.12239",""
"Botswana","1998","0.602401",""
"Botswana","1997","0.307747",""
"Botswana","1996","0.157454",""
"Botswana","1995","0.064521",""
"Botswana","1991","0",""
"Botswana","1990","0",""
"Burkina Faso","2022","19.9237","1"
"Burkina Faso","2021","18.114","1"
"Burkina Faso","2020","15.5971","1"
"Burkina Faso","2019","9.27181",""
"Burkina Faso","2018","8.5","1"
"Burkina Faso","2017","7.79","1"
"Burkina Faso","2016","7.14","1"
"Burkina Faso","2015","6.55","1"
"Burkina Faso","2014","6",""
"Burkina Faso","2013","5","1"
"Burkina Faso","2012","3.72503","1"
"Burkina Faso","2011","3","1"
"Burkina Faso","2010","2.4","1"
"Burkina Faso","2009","1.13","1"
"Burkina Faso","2008","0.92","1"
"Burkina Faso","2007","0.75",""
"Burkina Faso","2006","0.632708",""
"Burkina Faso","2005","0.469914",""
"Burkina Faso","2004","0.400295",""
"Burkina Faso","2003","0.37344",""
"Burkina Faso","2002","0.200993",""
"Burkina Faso","2001","0.157732",""
"Burkina Faso","2000","0.0770802",""
"Burkina Faso","1999","0.0617803",""
"Burkina Faso","1998","0.0454235",""
"Burkina Faso","1997","0.0186864",""
"Burkina Faso","1996","0.000960519",""
"Burkina Faso","1990","0",""
"Burundi","2022","11.275","1"
"Burundi","2021","10.1846","1"
"Burundi","2020","9.17302","1"
"Burundi","2019","6.1","1"
"Burundi","2018","4","1"
"Burundi","2017","2.66075",""
"Burundi","2016","2.2","1"
"Burundi","2015","2","1"
"Burundi","2014","1.04239","3"
"Burundi","2013","1.26422",""
"Burundi","2012","1.22","1"
"Burundi","2011","1.11","1"
"Burundi","2010","1","1"
"Burundi","2009","0.9","1"
"Burundi","2008","0.81",""
"Burundi","2007","0.7",""
"Burundi","2006","0.657593",""
"Burundi","2005","0.542143",""
"Burundi","2004","0.34906",""
"Burundi","2003","0.201273",""
"Burundi","2002","0.118228",""
"Burundi","2001","0.106001",""
"Burundi","2000","0.0772484",""
"Burundi","1999","0.0392045",""
"Burundi","1998","0.0158428",""
"Burundi","1997","0.00797944",""
"Burundi","1996","0.000803592",""
"Burundi","1995","0",""
"Burundi","1994","0",""
"Burundi","1993","0",""
"Burundi","1992","0",""
"Burundi","1991","0",""
"Burundi","1990","0",""
"Cabo Verde","2022","72.1021","1"
"Cabo Verde","2021","71.3752","1"
"Cabo Verde","2020","69.3734","1"
"Cabo Verde","2019","61.9434",""
"Cabo Verde","2018","59.5","1"
"Cabo Verde","2017","57.1621","4"
"Cabo Verde","2016","50.3228","5"
"Cabo Verde","2015","42.683","6"
"Cabo Verde","2014","40.26","1"
"Cabo Verde","2013","37.5","1"
"Cabo Verde","2012","34.74",""
"Cabo Verde","2011","32","1"
"Cabo Verde","2010","30","1"
"Cabo Verde","2009","21","1"
"Cabo Verde","2008","14","1"
"Cabo Verde","2007","8.28322",""
"Cabo Verde","2006","6.80891",""
"Cabo Verde","2005","6.07409",""
"Cabo Verde","2004","5.31883",""
"Cabo Verde","2003","4.32489",""
"Cabo Verde","2002","3.51876","1"
"Cabo Verde","2001","2.68533",""
"Cabo Verde","2000","1.82244",""
"Cabo Verde","1999","1.15998",""
"Cabo Verde","1998","0.472735",""
"Cabo Verde","1997","0.240968",""
"Cabo Verde","1990","0",""
"Cameroon","2022","43.8629","1"
"Cameroon","2021","42.5456","1"
"Cameroon","2020","41.2264","1"
"Cameroon","2019","36.5392","1"
"Cameroon","2018","29.7","1"
"Cameroon","2017","23.203",""
"Cameroon","2016","20.6","1"
"Cameroon","2015","18.3","1"
"Cameroon","2014","16.2149",""
"Cameroon","2013","10","1"
"Cameroon","2012","7.5","1"
"Cameroon","2011","5","1"
"Cameroon","2010","4.3","1"
"Cameroon","2009","3.84",""
"Cameroon","2008","3.4","1"
"Cameroon","2007","2.93",""
"Cameroon","2006","2.02874",""
"Cameroon","2005","1.40265",""
"Cameroon","2004","0.976075",""
"Cameroon","2003","0.587623",""
"Cameroon","2002","0.360872",""
"Cameroon","2001","0.277051",""
"Cameroon","2000","0.25212",""
"Cameroon","1999","0.129068",""
"Cameroon","1998","0.0132163",""
"Cameroon","1997","0.00676874",""
"Cameroon","1990","0",""
"Central African Republic","2019","7.50916","1"
"Central African Republic","2018","5.1","1"
"Central African Republic","2017","4","1"
"Central African Republic","2016","3.1","1"
"Central African Republic","2015","2.9","1"
"Central African Republic","2014","2.7","1"
"Central African Republic","2013","2.5","1"
"Central African Republic","2012","2.4","1"
"Central African Republic","2011","2.2","1"
"Central African Republic","2010","2","1"
"Central African Republic","2009","1.8","1"
"Central African Republic","2008","1",""
"Central African Republic","2007","0.375816",""
"Central African Republic","2006","0.311159","1"
"Central African Republic","2005","0.268196","1"
"Central African Republic","2004","0.223401","1"
"Central African Republic","2003","0.151563","1"
"Central African Republic","2002","0.128537",""
"Central African Republic","2001","0.0785434",""
"Central African Republic","2000","0.0533942",""
"Central African Republic","1999","0.0408943",""
"Central African Republic","1998","0.0278782",""
"Central African Republic","1997","0.0142709",""
"Central African Republic","1996","0.0058495",""
"Central African Republic","1990","0",""
"Chad","2022","12.1839","1"
"Chad","2021","11.0057","1"
"Chad","2020","8.34311","1"
"Chad","2019","7.6","1"
"Chad","2018","7","1"
"Chad","2017","6.4","1"
"Chad","2016","5.8","1"
"Chad","2015","3.5","1"
"Chad","2014","2.9","1"
"Chad","2013","2.5","1"
"Chad","2012","2.1","1"
"Chad","2011","1.9","1"
"Chad","2010","1.7","1"
"Chad","2009","1.5","1"
"Chad","2008","1.19",""
"Chad","2007","0.847225",""
"Chad","2006","0.581046",""
"Chad","2005","0.399258",""
"Chad","2004","0.36092",""
"Chad","2003","0.320309",""
"Chad","2002","0.16607",""
"Chad","2001","0.0459341",""
"Chad","2000","0.0357071",""
"Chad","1999","0.0123217",""
"Chad","1998","0.0042685",""
"Chad","1997","0.000658168",""
"Chad","1990","0",""
"Comoros","2019","16.3838","1"
"Comoros","2017","8.47817","1"
"Comoros","2016","7.93832","1"
"Comoros","2015","7.45916","1"
"Comoros","2014","6.98","1"
"Comoros","2013","6.5","1"
"Comoros","2012","5.9753","1"
"Comoros","2011","5.5","1"
"Comoros","2010","5.1","1"
"Comoros","2009","3.5","1"
"Comoros","2008","3","1"
"Comoros","2007","2.5","1"
"Comoros","2006","2.2","1"
"Comoros","2005","2","1"
"Comoros","2004","1.32733","1"
"Comoros","2003","0.848189","1"
"Comoros","2002","0.55487",""
"Comoros","2001","0.443068",""
"Comoros","2000","0.271741",""
"Comoros","1999","0.148163",""
"Comoros","1998","0.037871",""
"Comoros","1997","0",""
"Comoros","1990","0",""
"Congo (Republic of the)","2022","36.2469","1"
"Congo (Republic of the)","2021","32.7417","1"
"Congo (Republic of the)","2020","24.8206","1"
"Congo (Republic of the)","2017","8.65","1"
"Congo (Republic of the)","2016","8.12195","1"
"Congo (Republic of the)","2015","7.61597","1"
"Congo (Republic of the)","2014","7.11","1"
"Congo (Republic of the)","2013","6.6","1"
"Congo (Republic of the)","2012","6.1067","1"
"Congo (Republic of the)","2011","5.6","7"
"Congo (Republic of the)","2010","5","1"
"Congo (Republic of the)","2009","4.5","1"
"Congo (Republic of the)","2008","4.28751",""
"Congo (Republic of the)","2007","2.7597",""
"Congo (Republic of the)","2006","2.00799","1"
"Congo (Republic of the)","2005","1.46342","1"
"Congo (Republic of the)","2004","1.0775","1"
"Congo (Republic of the)","2003","0.460014","1"
"Congo (Republic of the)","2002","0.15725",""
"Congo (Republic of the)","2001","0.0322236",""
"Congo (Republic of the)","2000","0.0263547",""
"Congo (Republic of the)","1999","0.016791",""
"Congo (Republic of the)","1998","0.00341514",""
"Congo (Republic of the)","1997","0.0034691",""
"Congo (Republic of the)","1996","0.00352686",""
"Congo (Republic of the)","1990","0",""
"Democratic Republic of the Congo","2022","27.24","1"
"Democratic Republic of the Congo","2021","26.17","1"
"Democratic Republic of the Congo","2020","19.8388","1"
"Democratic Republic of the Congo","2019","16.4812","1"
"Democratic Republic of the Congo","2018","11.7","1"
"Democratic Republic of the Congo","2017","8.6199",""
"Democratic Republic of the Congo","2016","10.1",""
"Democratic Republic of the Congo","2015","3.8","1"
"Democratic Republic of the Congo","2014","3","1"
"Democratic Republic of the Congo","2013","2.2","1"
"Democratic Republic of the Congo","2012","1.67996","1"
"Democratic Republic of the Congo","2011","1.2","1"
"Democratic Republic of the Congo","2010","0.72","8,9"
"Democratic Republic of the Congo","2009","0.56","1"
"Democratic Republic of the Congo","2008","0.44","1"
"Democratic Republic of the Congo","2007","0.37","1"
"Democratic Republic of the Congo","2006","0.296054","1"
"Democratic Republic of the Congo","2005","0.238038","1"
"Democratic Republic of the Congo","2004","0.196208","1"
"Democratic Republic of the Congo","2003","0.134915","1"
"Democratic Republic of the Congo","2002","0.0927907","1"
"Democratic Republic of the Congo","2001","0.0114758","1"
"Democratic Republic of the Congo","2000","0.00590211","10,11"
"Democratic Republic of the Congo","1999","0.00100908",""
"Democratic Republic of the Congo","1998","0.000413065",""
"Democratic Republic of the Congo","1997","0.000211213",""
"Democratic Republic of the Congo","1996","0.000108207",""
"Democratic Republic of the Congo","1990","0",""
"Djibouti","2022","65.0322","1"
"Djibouti","2021","64.0414","1"
"Djibouti","2020","62.5104","1"
"Djibouti","2019","59.342","1"
"Djibouti","2018","58","1"
"Djibouti","2017","55.6814",""
"Djibouti","2016","30.8","1"
"Djibouti","2015","22.9","1"
"Djibouti","2014","17","1"
"Djibouti","2013","12.7","1"
"Djibouti","2012","9.4","1"
"Djibouti","2011","7","1"
"Djibouti","2010","6.5","1"
"Djibouti","2009","4","1"
"Djibouti","2008","2.26",""
"Djibouti","2007","1.62",""
"Djibouti","2006","1.27004",""
"Djibouti","2005","0.953611",""
"Djibouti","2004","0.781317",""
"Djibouti","2003","0.62594",""
"Djibouti","2002","0.486972",""
"Djibouti","2001","0.343526",""
"Djibouti","2000","0.194501",""
"Djibouti","1999","0.105762",""
"Djibouti","1998","0.094696",""
"Djibouti","1997","0.0829415",""
"Djibouti","1996","0.0311662",""
"Djibouti","1995","0.0160308",""
"Djibouti","1990","0",""
"Egypt","2022","72.1981",""
"Egypt","2021","72.056","1"
"Egypt","2020","71.9142",""
"Egypt","2019","57.2829",""
"Egypt","2018","46.9243",""
"Egypt","2017","44.9502",""
"Egypt","2016","41.2481",""
"Egypt","2015","37.8194",""
"Egypt","2014","33.8946",""
"Egypt","2013","29.4",""
"Egypt","2012","26.4","12"
"Egypt","2011","25.6","12"
"Egypt","2010","21.6",""
"Egypt","2009","20","1"
"Egypt","2008","18.01",""
"Egypt","2007","16.03",""
"Egypt","2006","13.66",""
"Egypt","2005","12.75",""
"Egypt","2004","11.92",""
"Egypt","2003","4.03789",""
"Egypt","2002","2.72",""
"Egypt","2001","0.838946",""
"Egypt","2000","0.641265",""
"Egypt","1999","0.290445","13"
"Egypt","1998","0.147987","13"
"Egypt","1997","0.0904802","13"
"Egypt","1996","0.0614669","13"
"Egypt","1995","0.0313196","13"
"Egypt","1994","0.00638327","13"
"Egypt","1993","0.000975791","13"
"Egypt","1990","0","13"
"Equatorial Guinea","2022","66.8193","1"
"Equatorial Guinea","2021","60.5587","1"
"Equatorial Guinea","2020","55.0013","1"
"Equatorial Guinea","2019","49.1337","1"
"Equatorial Guinea","2017","26.24","1"
"Equatorial Guinea","2016","23.78","1"
"Equatorial Guinea","2015","21.32","1"
"Equatorial Guinea","2014","18.86","1"
"Equatorial Guinea","2013","16.4","1"
"Equatorial Guinea","2012","13.9432","1"
"Equatorial Guinea","2011","11.5","1"
"Equatorial Guinea","2010","6",""
"Equatorial Guinea","2009","2.13","1"
"Equatorial Guinea","2008","1.82","1"
"Equatorial Guinea","2007","1.55712","1"
"Equatorial Guinea","2006","1.27919",""
"Equatorial Guinea","2005","1.14979",""
"Equatorial Guinea","2004","0.84393",""
"Equatorial Guinea","2003","0.520524",""
"Equatorial Guinea","2002","0.321198",""
"Equatorial Guinea","2001","0.16526",""
"Equatorial Guinea","2000","0.132355",""
"Equatorial Guinea","1999","0.0974159",""
"Equatorial Guinea","1998","0.0944238",""
"Equatorial Guinea","1997","0.0414623",""
"Equatorial Guinea","1990","0",""
"Eritrea","2022","26.5942","1"
"Eritrea","2021","25.0991","1"
"Eritrea","2020","23.8002","1"
"Eritrea","2019","11.2","1"
"Eritrea","2018","5.3","1"
"Eritrea","2017","2.5","1"
"Eritrea","2016","1.17712","1"
"Eritrea","2015","1.08373","1"
"Eritrea","2014","0.99","1"
"Eritrea","2013","0.9","1"
"Eritrea","2012","0.8","1"
"Eritrea","2011","0.7","1"
"Eritrea","2010","0.61","1"
"Eritrea","2009","0.54","1"
"Eritrea","2008","0.47","1"
"Eritrea","2007","0.41","1"
"Eritrea","2002","0.22709",""
"Eritrea","2001","0.157815",""
"Eritrea","2000","0.136712",""
"Eritrea","1999","0.025495",""
"Eritrea","1998","0.00877424",""
"Eritrea","1997","0.00901772",""
"Eritrea","1996","0",""
"Eritrea","1995","0",""
"Eritrea","1994","0",""
"Eritrea","1993","0",""
"Eritrea","1990","0",""
"Ethiopia","2022","19.3781","1"
"Ethiopia","2021","16.6981","14"
"Ethiopia","2020","16.0696","1"
"Ethiopia","2019","16","1"
"Ethiopia","2018","15.9","1"
"Ethiopia","2017","15.6","1"
"Ethiopia","2016","15.3669",""
"Ethiopia","2015","13.8552",""
"Ethiopia","2014","7.7","1"
"Ethiopia","2013","4.6","1"
"Ethiopia","2012","2.9","1"
"Ethiopia","2011","1.1","1"
"Ethiopia","2010","0.75","1"
"Ethiopia","2009","0.54","1"
"Ethiopia","2008","0.45","1"
"Ethiopia","2007","0.37",""
"Ethiopia","2006","0.310593",""
"Ethiopia","2005","0.21966",""
"Ethiopia","2004","0.155335",""
"Ethiopia","2003","0.105812",""
"Ethiopia","2002","0.0724023",""
"Ethiopia","2001","0.0371624",""
"Ethiopia","2000","0.0152638",""
"Ethiopia","1999","0.0125416",""
"Ethiopia","1998","0.00966352",""
"Ethiopia","1997","0.00496672",""
"Ethiopia","1996","0.00170345",""
"Ethiopia","1995","1.75491E-05",""
"Ethiopia","1990","0",""
"Gabon","2022","73.6951","1"
"Gabon","2021","73.1414","1"
"Gabon","2020","72.2754","1"
"Gabon","2019","68.6855","1"
"Gabon","2018","59.6","1"
"Gabon","2017","50.3201","1"
"Gabon","2016","48.0523","1"
"Gabon","2015","45.7845","1"
"Gabon","2014","38.0712","1"
"Gabon","2013","30.538","1"
"Gabon","2012","24","1"
"Gabon","2011","18","1"
"Gabon","2010","13","1"
"Gabon","2009","9.5","1"
"Gabon","2008","7.5","1"
"Gabon","2007","5.767","1"
"Gabon","2006","5.4892",""
"Gabon","2005","4.89326",""
"Gabon","2004","2.97907",""
"Gabon","2003","2.65959",""
"Gabon","2002","1.93953",""
"Gabon","2001","1.34762",""
"Gabon","2000","1.21614",""
"Gabon","1999","0.24901",""
"Gabon","1998","0.170125",""
"Gabon","1997","0.047999",""
"Gabon","1996","0",""
"Gabon","1990","0",""
"Gambia","2022","54.1899","1"
"Gambia","2021","49.6646","1"
"Gambia","2020","44.8133","1"
"Gambia","2019","35.6","1"
"Gambia","2018","28.3","1"
"Gambia","2017","22.5","1"
"Gambia","2016","19.9","1"
"Gambia","2015","17.6","1"
"Gambia","2014","15.56","1"
"Gambia","2013","14","1"
"Gambia","2012","12.4492","1"
"Gambia","2011","10.8703","1"
"Gambia","2010","9.2",""
"Gambia","2009","7.63","1"
"Gambia","2008","6.88","1"
"Gambia","2007","6.20504",""
"Gambia","2006","5.23769",""
"Gambia","2005","3.799","1"
"Gambia","2004","3.308",""
"Gambia","2003","2.43678",""
"Gambia","2002","1.79678",""
"Gambia","2001","1.33679",""
"Gambia","2000","0.921795",""
"Gambia","1999","0.715827",""
"Gambia","1998","0.206094",""
"Gambia","1997","0.0513113",""
"Gambia","1996","0.0355074",""
"Gambia","1995","0.00921754",""
"Gambia","1990","0",""
"Ghana","2022","69.8405","1"
"Ghana","2021","68.6",""
"Ghana","2020","62.5176","1"
"Ghana","2019","22.0732",""
"Ghana","2018","43","1"
"Ghana","2017","37.8842","1"
"Ghana","2016","28","1"
"Ghana","2015","23","1"
"Ghana","2014","19","1"
"Ghana","2013","15","1"
"Ghana","2012","10.6","15"
"Ghana","2011","9","1"
"Ghana","2010","7.8","16"
"Ghana","2009","5.44",""
"Ghana","2008","4.27",""
"Ghana","2007","3.85",""
"Ghana","2006","2.72318",""
"Ghana","2005","1.8312",""
"Ghana","2004","1.7168",""
"Ghana","2003","1.19306",""
"Ghana","2002","0.830284",""
"Ghana","2001","0.200008",""
"Ghana","2000","0.153615",""
"Ghana","1999","0.104895",""
"Ghana","1998","0.0322404",""
"Ghana","1997","0.0275375",""
"Ghana","1996","0.00564876",""
"Ghana","1995","0.000347918",""
"Ghana","1990","0",""
"Guinea","2022","33.923","1"
"Guinea","2021","31.311","1"
"Guinea","2020","29.3934","1"
"Guinea","2019","23.3663","1"
"Guinea","2018","21.83","17"
"Guinea","2017","18.7","18"
"Guinea","2016","13.1","1"
"Guinea","2015","9.2","1"
"Guinea","2014","6.4","1"
"Guinea","2013","4.5","1"
"Guinea","2012","3.1","1"
"Guinea","2011","2","1"
"Guinea","2010","1","1"
"Guinea","2009","0.94","19"
"Guinea","2008","0.92","19"
"Guinea","2007","0.780025",""
"Guinea","2006","0.637492",""
"Guinea","2005","0.542254",""
"Guinea","2004","0.508819",""
"Guinea","2003","0.45096",""
"Guinea","2002","0.402023",""
"Guinea","2001","0.175542",""
"Guinea","2000","0.0954249",""
"Guinea","1999","0.0608089",""
"Guinea","1998","0.00620337",""
"Guinea","1997","0.00380311",""
"Guinea","1996","0.00194894",""
"Guinea","1995","0.000668589",""
"Guinea","1994","0.000138318",""
"Guinea","1990","0",""
"Guinea-Bissau","2022","31.567","1"
"Guinea-Bissau","2021","28.5397","1"
"Guinea-Bissau","2020","28.1686","1"
"Guinea-Bissau","2019","22.9201","1"
"Guinea-Bissau","2018","15.7","1"
"Guinea-Bissau","2017","14.8","1"
"Guinea-Bissau","2016","13.8","1"
"Guinea-Bissau","2015","6.1","1"
"Guinea-Bissau","2014","3.32","1"
"Guinea-Bissau","2013","3.1","1"
"Guinea-Bissau","2012","2.89399","1"
"Guinea-Bissau","2011","2.672","1"
"Guinea-Bissau","2010","2.45","1"
"Guinea-Bissau","2009","2.30328",""
"Guinea-Bissau","2008","2.35489",""
"Guinea-Bissau","2007","2.2063","1"
"Guinea-Bissau","2006","2.0572",""
"Guinea-Bissau","2005","1.90137",""
"Guinea-Bissau","2004","1.80814",""
"Guinea-Bissau","2003","1.3542",""
"Guinea-Bissau","2002","1.02299",""
"Guinea-Bissau","2001","0.299569",""
"Guinea-Bissau","2000","0.230103",""
"Guinea-Bissau","1999","0.117702",""
"Guinea-Bissau","1998","0.0240604",""
"Guinea-Bissau","1997","0.0163891",""
"Guinea-Bissau","1990","0",""
"Kenya","2022","40.8137","1"
"Kenya","2021","38.2459","1"
"Kenya","2020","27.5774","1"
"Kenya","2019","22.6688",""
"Kenya","2018","19.5","1"
"Kenya","2017","17.8271","1"
"Kenya","2016","16.6",""
"Kenya","2015","16.5879",""
"Kenya","2014","16.5","1"
"Kenya","2013","13","1"
"Kenya","2012","10.5","1"
"Kenya","2011","8.8","1"
"Kenya","2010","7.2",""
"Kenya","2009","6.1",""
"Kenya","2008","5.2","1"
"Kenya","2007","4.4","1"
"Kenya","2006","3.6","1"
"Kenya","2005","3.1019",""
"Kenya","2004","3.02353",""
"Kenya","2003","2.9419",""
"Kenya","2002","1.20777",""
"Kenya","2001","0.619782",""
"Kenya","2000","0.31806",""
"Kenya","1999","0.114256",""
"Kenya","1998","0.0502614",""
"Kenya","1997","0.0344061",""
"Kenya","1996","0.00883911",""
"Kenya","1995","0.000727482",""
"Kenya","1990","0",""
"Lesotho","2022","47.0368","1"
"Lesotho","2021","43.6957","1"
"Lesotho","2020","40.4172","1"
"Lesotho","2019","42.3017",""
"Lesotho","2018","40.8","1"
"Lesotho","2017","39","1"
"Lesotho","2016","32.4539",""
"Lesotho","2015","25","1"
"Lesotho","2014","22","1"
"Lesotho","2013","15","1"
"Lesotho","2012","10","1"
"Lesotho","2011","7","1"
"Lesotho","2010","3.86","1"
"Lesotho","2009","3.72",""
"Lesotho","2008","3.58",""
"Lesotho","2007","3.44543",""
"Lesotho","2006","2.97971",""
"Lesotho","2005","2.58025","1"
"Lesotho","2004","2.17552",""
"Lesotho","2003","1.5325",""
"Lesotho","2002","1.08394",""
"Lesotho","2001","0.26115",""
"Lesotho","2000","0.211806",""
"Lesotho","1999","0.0538045",""
"Lesotho","1998","0.0109565",""
"Lesotho","1997","0.00558443",""
"Lesotho","1996","0.00284594",""
"Lesotho","1990","0",""
"Liberia","2022","30.1275","1"
"Liberia","2021","27.8136","1"
"Liberia","2020","27.4519","1"
"Liberia","2019","23.4826","1"
"Liberia","2018","18.9","1"
"Liberia","2017","16.3","1"
"Liberia","2016","15.7","1"
"Liberia","2015","10","1"
"Liberia","2014","5.41","1"
"Liberia","2013","3.2","1"
"Liberia","2012","2.6","1"
"Liberia","2011","2.5","1"
"Liberia","2010","2.3",""
"Liberia","2009","2","1"
"Liberia","2008","0.53","1"
"Liberia","2007","0.551377","1"
"Liberia","2004","0.0310112","1"
"Liberia","2003","0.0318689","1"
"Liberia","2002","0.0327133",""
"Liberia","2001","0.0338122",""
"Liberia","2000","0.0177027",""
"Liberia","1999","0.0113287",""
"Liberia","1998","0.00409939",""
"Liberia","1997","0.00448944",""
"Liberia","1990","0",""
"Libya","2022","88.4281","1"
"Libya","2021","84.3378","1"
"Libya","2020","87.5754","1"
"Libya","2014","17.76","1"
"Libya","2013","16.5","1"
"Libya","2012","15.2",""
"Libya","2011","14","1"
"Libya","2010","14","1"
"Libya","2009","10.8","1"
"Libya","2008","9","1"
"Libya","2007","4.722",""
"Libya","2006","4.30105","1"
"Libya","2005","3.91779","1"
"Libya","2004","3.53284",""
"Libya","2003","2.81452",""
"Libya","2002","2.24442",""
"Libya","2001","0.366533",""
"Libya","2000","0.187043",""
"Libya","1999","0.133617",""
"Libya","1990","0",""
"Madagascar","2022","20.5777","1"
"Madagascar","2021","18.1313","1"
"Madagascar","2020","15.8196","1"
"Madagascar","2019","11.8314","1"
"Madagascar","2018","8.7","1"
"Madagascar","2017","6.4","1"
"Madagascar","2016","4.71366","1"
"Madagascar","2015","4.17397","1"
"Madagascar","2014","3.7","1"
"Madagascar","2013","3","1"
"Madagascar","2012","2.3","1"
"Madagascar","2011","1.9","1"
"Madagascar","2010","1.7","1"
"Madagascar","2009","1.63","1"
"Madagascar","2008","1.65","1"
"Madagascar","2007","0.65","1"
"Madagascar","2006","0.607552","1"
"Madagascar","2005","0.567722","1"
"Madagascar","2004","0.525354","1"
"Madagascar","2003","0.423252","1"
"Madagascar","2002","0.33972",""
"Madagascar","2001","0.222512",""
"Madagascar","2000","0.196395",""
"Madagascar","1999","0.168609",""
"Madagascar","1998","0.062561",""
"Madagascar","1997","0.0143336",""
"Madagascar","1996","0.0036952",""
"Madagascar","1990","0",""
"Malawi","2022","27.6609","1"
"Malawi","2021","26.9325","1"
"Malawi","2020","22.2466","1"
"Malawi","2019","13.4392","1"
"Malawi","2018","8","1"
"Malawi","2017","7","1"
"Malawi","2016","6.3","1"
"Malawi","2015","6","1"
"Malawi","2014","5.83","1"
"Malawi","2013","5.05","1"
"Malawi","2012","4.3506","1"
"Malawi","2011","3.33",""
"Malawi","2010","2.26",""
"Malawi","2009","1.07",""
"Malawi","2008","0.7",""
"Malawi","2007","0.965865",""
"Malawi","2006","0.425137",""
"Malawi","2005","0.384489",""
"Malawi","2004","0.347505",""
"Malawi","2003","0.278815",""
"Malawi","2002","0.215095",""
"Malawi","2001","0.164021",""
"Malawi","2000","0.126781",""
"Malawi","1999","0.0872788",""
"Malawi","1998","0.0180574",""
"Malawi","1997","0.00466852",""
"Malawi","1990","0",""
"Mali","2022","33.0528","1"
"Mali","2021","30.4642","1"
"Mali","2020","28.3043","1"
"Mali","2019","22.3111","1"
"Mali","2018","21.4","20"
"Mali","2017","18.9","18"
"Mali","2016","14","1"
"Mali","2015","10.33","1"
"Mali","2014","7","1"
"Mali","2013","3.5","1"
"Mali","2012","2.8","1"
"Mali","2011","2.2",""
"Mali","2010","2","1"
"Mali","2009","1.8","1"
"Mali","2008","1.57",""
"Mali","2007","0.81",""
"Mali","2006","0.729627",""
"Mali","2005","0.507063",""
"Mali","2004","0.43282",""
"Mali","2003","0.310364",""
"Mali","2002","0.227046",""
"Mali","2001","0.185897",""
"Mali","2000","0.142546",""
"Mali","1999","0.0609099",""
"Mali","1998","0.0197939",""
"Mali","1997","0.0100859",""
"Mali","1996","0.00205523",""
"Mali","1990","0",""
"Mauritania","2022","44.3616","1"
"Mauritania","2021","43.7936","1"
"Mauritania","2020","41.0726","1"
"Mauritania","2019","42.3207","1"
"Mauritania","2018","35.1","1"
"Mauritania","2017","24.2","1"
"Mauritania","2016","24.1","1"
"Mauritania","2015","17.6","1"
"Mauritania","2014","11.8","1"
"Mauritania","2013","6.2","1"
"Mauritania","2012","5","1"
"Mauritania","2011","4.5","1"
"Mauritania","2010","4","1"
"Mauritania","2009","2.28","1"
"Mauritania","2008","1.87","1"
"Mauritania","2007","1.43361","1"
"Mauritania","2006","0.979661",""
"Mauritania","2005","0.669966",""
"Mauritania","2004","0.48147",""
"Mauritania","2003","0.424005",""
"Mauritania","2002","0.363229",""
"Mauritania","2001","0.261449",""
"Mauritania","2000","0.192031",""
"Mauritania","1999","0.118464",""
"Mauritania","1998","0.0405948",""
"Mauritania","1997","0.00417253",""
"Mauritania","1990","0",""
"Mauritius","2022","75.5","21"
"Mauritius","2021","71.6","22"
"Mauritius","2020","67.7329",""
"Mauritius","2019","61.73","23"
"Mauritius","2018","58.5962",""
"Mauritius","2017","55.4032","24"
"Mauritius","2016","52.1913","1"
"Mauritius","2015","50.1393","25"
"Mauritius","2014","44.8033",""
"Mauritius","2013","40.1168","26"
"Mauritius","2012","35.42",""
"Mauritius","2011","34.95","1"
"Mauritius","2010","28.33",""
"Mauritius","2009","22.51",""
"Mauritius","2008","21.81","27"
"Mauritius","2007","20.22",""
"Mauritius","2006","16.7","27"
"Mauritius","2005","15.1722","1"
"Mauritius","2004","13.6891","1"
"Mauritius","2003","12.1871","1"
"Mauritius","2002","10.2526","27"
"Mauritius","2001","8.7809",""
"Mauritius","2000","7.28154",""
"Mauritius","1999","4.65221",""
"Mauritius","1998","2.56528",""
"Mauritius","1997","0.475629",""
"Mauritius","1996","0.183769",""
"Mauritius","1990","0",""
"Mozambique","2022","21.207","1"
"Mozambique","2021","19.9696","1"
"Mozambique","2020","17.8299","1"
"Mozambique","2019","14.6386","1"
"Mozambique","2018","10.9","1"
"Mozambique","2017","7.79633",""
"Mozambique","2016","7","1"
"Mozambique","2015","6.5","1"
"Mozambique","2014","6","1"
"Mozambique","2013","5.5","1"
"Mozambique","2012","5","1"
"Mozambique","2011","4.6","1"
"Mozambique","2010","4.17",""
"Mozambique","2009","2.68",""
"Mozambique","2008","1.56",""
"Mozambique","2007","0.91",""
"Mozambique","2006","0.842954",""
"Mozambique","2005","0.854357","1"
"Mozambique","2004","0.679448",""
"Mozambique","2003","0.419539",""
"Mozambique","2002","0.259613",""
"Mozambique","2001","0.160032",""
"Mozambique","2000","0.109593",""
"Mozambique","1999","0.0562506",""
"Mozambique","1998","0.0201971",""
"Mozambique","1997","0.0118426",""
"Mozambique","1996","0.00304298",""
"Mozambique","1990","0",""
"Namibia","2022","62.215","1"
"Namibia","2021","61.1132","1"
"Namibia","2020","57.8608","1"
"Namibia","2019","49.8","1"
"Namibia","2018","42.8","1"
"Namibia","2017","36.8374","1"
"Namibia","2016","31.0333","1"
"Namibia","2015","25.6879","1"
"Namibia","2014","14.84","1"
"Namibia","2013","13.9","1"
"Namibia","2012","12.9414","1"
"Namibia","2011","12","1"
"Namibia","2010","11.6",""
"Namibia","2009","6.5","1"
"Namibia","2008","5.329",""
"Namibia","2007","4.83561",""
"Namibia","2006","4.39887",""
"Namibia","2005","4.01005","1"
"Namibia","2004","3.80472",""
"Namibia","2003","3.35984",""
"Namibia","2002","2.6337",""
"Namibia","2001","2.41698",""
"Namibia","2000","1.64474",""
"Namibia","1999","0.336218",""
"Namibia","1998","0.286745",""
"Namibia","1997","0.0587507",""
"Namibia","1996","0.00903215",""
"Namibia","1995","0.00617205",""
"Namibia","1990","0",""
"Niger","2022","16.937","1"
"Niger","2021","15.3108","1"
"Niger","2020","13.8406","1"
"Niger","2019","16.6119","1"
"Niger","2017","10.2243",""
"Niger","2016","4.32276","1"
"Niger","2015","2.47622","1"
"Niger","2014","1.24868",""
"Niger","2013","1.15","1"
"Niger","2012","1.05","1"
"Niger","2011","0.9",""
"Niger","2010","0.83","1"
"Niger","2009","0.76",""
"Niger","2008","0.7",""
"Niger","2007","0.390391","1"
"Niger","2006","0.294034","1"
"Niger","2005","0.221341","1"
"Niger","2004","0.189934","1"
"Niger","2003","0.155699","1"
"Niger","2002","0.127152",""
"Niger","2001","0.105185",""
"Niger","2000","0.0362613",""
"Niger","1999","0.028136",""
"Niger","1998","0.0029115",""
"Niger","1997","0.00200877",""
"Niger","1996","0.0010393",""
"Niger","1990","0",""
"Nigeria","2022","35.4563","1"
"Nigeria","2021","32.3318","1"
"Nigeria","2020","31.8888","1"
"Nigeria","2019","29.7","1"
"Nigeria","2018","27.7","1"
"Nigeria","2017","25.9","1"
"Nigeria","2016","24.1","1"
"Nigeria","2015","22.5","1"
"Nigeria","2014","21","1"
"Nigeria","2013","19.1","1"
"Nigeria","2012","16.1","1"
"Nigeria","2011","13.8","1"
"Nigeria","2010","11.5","1"
"Nigeria","2009","9.3","1"
"Nigeria","2008","8","1"
"Nigeria","2007","6.77","1"
"Nigeria","2006","5.54504",""
"Nigeria","2005","3.54916",""
"Nigeria","2004","1.28614",""
"Nigeria","2003","0.558576",""
"Nigeria","2002","0.320462",""
"Nigeria","2001","0.0899014",""
"Nigeria","2000","0.0640808",""
"Nigeria","1999","0.0410387",""
"Nigeria","1998","0.0252315",""
"Nigeria","1997","0.0172374",""
"Nigeria","1996","0.00883298",""
"Nigeria","1990","0",""
"Rwanda","2022","34.4405","1"
"Rwanda","2021","29.432","1"
"Rwanda","2020","23.8",""
"Rwanda","2019","21.358","1"
"Rwanda","2018","19.2","1"
"Rwanda","2017","17.2",""
"Rwanda","2016","14.6","1"
"Rwanda","2015","12.5","1"
"Rwanda","2014","10.6","1"
"Rwanda","2013","9","1"
"Rwanda","2012","8.02385","1"
"Rwanda","2011","7",""
"Rwanda","2010","8",""
"Rwanda","2009","7.7","28"
"Rwanda","2008","4.5",""
"Rwanda","2007","2.11539","1"
"Rwanda","2005","0.556041","1"
"Rwanda","2004","0.430854",""
"Rwanda","2003","0.356918",""
"Rwanda","2002","0.292785",""
"Rwanda","2001","0.240672",""
"Rwanda","2000","0.0628315",""
"Rwanda","1999","0.0671765",""
"Rwanda","1998","0.0117636",""
"Rwanda","1997","0.00162579",""
"Rwanda","1996","0.000883372",""
"Rwanda","1990","0",""
"Sao Tome and Principe","2022","56.9899","1"
"Sao Tome and Principe","2021","56.1138","1"
"Sao Tome and Principe","2020","51.5547","1"
"Sao Tome and Principe","2019","44.3","1"
"Sao Tome and Principe","2018","38","1"
"Sao Tome and Principe","2017","32.6","1"
"Sao Tome and Principe","2016","28","1"
"Sao Tome and Principe","2015","25.82","1"
"Sao Tome and Principe","2014","24.41","1"
"Sao Tome and Principe","2013","23","1"
"Sao Tome and Principe","2012","21.5724","1"
"Sao Tome and Principe","2011","20.1612","1"
"Sao Tome and Principe","2010","18.75",""
"Sao Tome and Principe","2009","16.41","1"
"Sao Tome and Principe","2008","15.48","1"
"Sao Tome and Principe","2007","14.5905",""
"Sao Tome and Principe","2006","14.182","1"
"Sao Tome and Principe","2005","13.7595","1"
"Sao Tome and Principe","2004","13.3229","1"
"Sao Tome and Principe","2003","10.1618","1"
"Sao Tome and Principe","2002","7.58067",""
"Sao Tome and Principe","2001","6.31092",""
"Sao Tome and Principe","2000","4.63852",""
"Sao Tome and Principe","1999","0.363203",""
"Sao Tome and Principe","1998","0.295847",""
"Sao Tome and Principe","1990","0",""
"Senegal","2022","59.9832","1"
"Senegal","2021","54.9741","1"
"Senegal","2020","53.3088","1"
"Senegal","2019","43.4","1"
"Senegal","2018","35.3","29"
"Senegal","2017","29.6431","1"
"Senegal","2016","25.6648","1"
"Senegal","2015","21.7","1"
"Senegal","2014","17.7","30"
"Senegal","2013","13.1","30"
"Senegal","2012","10.8","30"
"Senegal","2011","9.8","31"
"Senegal","2010","8","32"
"Senegal","2009","7.5","33"
"Senegal","2008","7.12","1"
"Senegal","2007","6.89","1"
"Senegal","2006","5.61174",""
"Senegal","2005","4.78668",""
"Senegal","2004","4.38602",""
"Senegal","2003","2.10144",""
"Senegal","2002","1.00645",""
"Senegal","2001","0.983794",""
"Senegal","2000","0.403967",""
"Senegal","1999","0.311091",""
"Senegal","1998","0.0798714",""
"Senegal","1997","0.0273474",""
"Senegal","1996","0.0112382",""
"Senegal","1995","0.000692848",""
"Senegal","1990","0",""
"Seychelles","2022","86.6654","1"
"Seychelles","2021","80.7475","1"
"Seychelles","2020","84.8223","1"
"Seychelles","2019","76.6","1"
"Seychelles","2018","69.2","1"
"Seychelles","2017","62.6","1"
"Seychelles","2016","56.5147","1"
"Seychelles","2015","54.2596","1"
"Seychelles","2014","51.2547","1"
"Seychelles","2013","50.4","1"
"Seychelles","2012","47.076","1"
"Seychelles","2011","43.164","1"
"Seychelles","2010","41","1"
"Seychelles","2008","40.44",""
"Seychelles","2007","38.38",""
"Seychelles","2006","34.952",""
"Seychelles","2005","25.4133",""
"Seychelles","2004","24.2721",""
"Seychelles","2003","14.5925",""
"Seychelles","2002","14.3042",""
"Seychelles","2001","11.0151","34"
"Seychelles","2000","7.39563","1"
"Seychelles","1999","6.22905",""
"Seychelles","1998","2.52618",""
"Seychelles","1997","1.28296",""
"Seychelles","1996","0.651474",""
"Seychelles","1990","0",""
"Sierra Leone","2022","30.3518","1"
"Sierra Leone","2021","27.595","1"
"Sierra Leone","2020","27.4681","1"
"Sierra Leone","2019","20.8","1"
"Sierra Leone","2018","15.8","1"
"Sierra Leone","2017","13.2369","1"
"Sierra Leone","2016","11.7732","1"
"Sierra Leone","2015","6.34442","1"
"Sierra Leone","2014","6.0573","1"
"Sierra Leone","2013","4","1"
"Sierra Leone","2012","2.5","1"
"Sierra Leone","2011","0.9","1"
"Sierra Leone","2010","0.58","1"
"Sierra Leone","2009","0.26","1"
"Sierra Leone","2008","0.25","1"
"Sierra Leone","2007","0.239835","1"
"Sierra Leone","2006","0.227669",""
"Sierra Leone","2005","0.215392",""
"Sierra Leone","2004","0.203008",""
"Sierra Leone","2003","0.190173",""
"Sierra Leone","2002","0.176199",""
"Sierra Leone","2001","0.160264",""
"Sierra Leone","2000","0.118254",""
"Sierra Leone","1999","0.0484907",""
"Sierra Leone","1998","0.0148051",""
"Sierra Leone","1997","0.00498783",""
"Sierra Leone","1996","0.00250612",""
"Sierra Leone","1995","0",""
"Sierra Leone","1994","0",""
"Sierra Leone","1993","0",""
"Sierra Leone","1990","0",""
"Somalia","2022","27.6",""
"Somalia","2021","19.8606","1"
"Somalia","2020","15.0237","1"
"Somalia","2017","2.00405","1"
"Somalia","2016","1.88","1"
"Somalia","2015","1.76","1"
"Somalia","2014","1.63","1"
"Somalia","2013","1.5","1"
"Somalia","2012","1.3767","1"
"Somalia","2011","1.25","1"
"Somalia","2009","1.16061","1"
"Somalia","2008","1.14269","1"
"Somalia","2007","1.12224","1"
"Somalia","2006","1.10022","1"
"Somalia","2005","1.07733","1"
"Somalia","2004","1.05345","1"
"Somalia","2003","0.376198","1"
"Somalia","2002","0.115614","1"
"Somalia","2001","0.0790392","1"
"Somalia","2000","0.02",""
"Somalia","1999","0.0139104",""
"Somalia","1998","0.00716442",""
"Somalia","1997","0.00294871",""
"Somalia","1996","0.00150955",""
"Somalia","1995","0",""
"Somalia","1990","0",""
"South Africa","2022","74.703","1"
"South Africa","2021","74.1534","1"
"South Africa","2020","72.1128","1"
"South Africa","2019","69.6969","1"
"South Africa","2018","62.4","1"
"South Africa","2017","56.1674","1"
"South Africa","2016","54","1"
"South Africa","2015","51.9191","1"
"South Africa","2014","49","1"
"South Africa","2013","46.5","1"
"South Africa","2012","41","1"
"South Africa","2011","33.97","26"
"South Africa","2010","24","1"
"South Africa","2009","10",""
"South Africa","2008","8.43",""
"South Africa","2007","8.06538",""
"South Africa","2006","7.60714",""
"South Africa","2005","7.48854",""
"South Africa","2004","8.42512",""
"South Africa","2003","7.00769",""
"South Africa","2002","6.71032",""
"South Africa","2001","6.34662",""
"South Africa","2000","5.34856",""
"South Africa","1999","4.11625",""
"South Africa","1998","2.90622",""
"South Africa","1997","1.63209",""
"South Africa","1996","0.841883",""
"South Africa","1995","0.67674",""
"South Africa","1994","0.246906",""
"South Africa","1993","0.113747","1"
"South Africa","1992","0.0388691","1"
"South Africa","1991","0.0132836","1"
"South Africa","1990","0",""
"South Sudan","2022","12.1407","1"
"South Sudan","2021","9.64241","1"
"South Sudan","2020","9.27123","1"
"South Sudan","2019","6.7","1"
"South Sudan","2018","4.8","1"
"South Sudan","2017","4.1","35"
"South Sudan","2016","3.5","1"
"South Sudan","2015","3","1"
"South Sudan","2014","2.6","1"
"South Sudan","2013","2.2","1"
"Sudan","2022","28.7045","1"
"Sudan","2021","27.6336","1"
"Sudan","2020","26.4383","1"
"Sudan","2019","25.9","1"
"Sudan","2018","24.6","1"
"Sudan","2017","18.6","1"
"Sudan","2016","14.1",""
"Sudan","2007","8.66",""
"Sudan","2005","1.29204",""
"Sudan","2004","0.791562",""
"Sudan","2003","0.538472",""
"Sudan","2002","0.439478",""
"Sudan","2001","0.140185",""
"Sudan","2000","0.025785",""
"Sudan","1999","0.00879458",""
"Sudan","1998","0.00480507",""
"Sudan","1997","0.00123182",""
"Sudan","1996","0",""
"Sudan","1995","0",""
"Sudan","1994","0",""
"Sudan","1990","0",""
"Tanzania","2022","31.8913","1"
"Tanzania","2021","29.7016","1"
"Tanzania","2020","25.6424","1"
"Tanzania","2019","18.2773","1"
"Tanzania","2018","17.1","1"
"Tanzania","2017","16","1"
"Tanzania","2016","13.5042",""
"Tanzania","2015","10","1"
"Tanzania","2014","7","1"
"Tanzania","2013","4.4","1"
"Tanzania","2012","3.95","1"
"Tanzania","2011","3.2",""
"Tanzania","2010","2.9","1"
"Tanzania","2009","2.4","1"
"Tanzania","2008","1.9","1"
"Tanzania","2007","1.6",""
"Tanzania","2006","1.3","1"
"Tanzania","2005","1.1","1"
"Tanzania","2004","0.877575",""
"Tanzania","2003","0.676963",""
"Tanzania","2002","0.222484",""
"Tanzania","2001","0.1713",""
"Tanzania","2000","0.117194",""
"Tanzania","1999","0.0751309",""
"Tanzania","1998","0.00924413",""
"Tanzania","1997","0.00790028",""
"Tanzania","1996","0.00162215",""
"Tanzania","1990","0",""
"Togo","2022","37.6212","1"
"Togo","2021","32.5051","1"
"Togo","2020","29.0237","1"
"Togo","2019","20.7273","1"
"Togo","2018","15.5","1"
"Togo","2017","12.3602",""
"Togo","2016","11.31","1"
"Togo","2015","7.12","1"
"Togo","2014","5.7","1"
"Togo","2013","4.5","1"
"Togo","2012","4","1"
"Togo","2011","3.5","1"
"Togo","2010","3","1"
"Togo","2009","2.6","1"
"Togo","2008","2.4","1"
"Togo","2007","2.2","1"
"Togo","2006","2","1"
"Togo","2005","1.8","1"
"Togo","2004","1.5","1"
"Togo","2003","1.2","1"
"Togo","2002","1","1"
"Togo","2001","0.9","1"
"Togo","2000","0.8","1"
"Togo","1999","0.590363",""
"Togo","1998","0.305584",""
"Togo","1997","0.211139",""
"Togo","1996","0.0109291",""
"Togo","1995","0",""
"Togo","1994","0",""
"Togo","1993","0",""
"Togo","1992","0",""
"Togo","1991","0",""
"Togo","1990","0",""
"Tunisia","2022","73.8379","1"
"Tunisia","2021","71.8676","1"
"Tunisia","2020","68.5564","1"
"Tunisia","2019","66.7",""
"Tunisia","2018","64.1908",""
"Tunisia","2017","55.5002",""
"Tunisia","2016","49.6",""
"Tunisia","2015","46.5",""
"Tunisia","2014","46.16","1"
"Tunisia","2013","43.8","1"
"Tunisia","2012","41.4416","1"
"Tunisia","2011","39.1",""
"Tunisia","2010","36.8",""
"Tunisia","2009","34.07",""
"Tunisia","2008","27.53",""
"Tunisia","2007","17.1",""
"Tunisia","2006","12.9864",""
"Tunisia","2005","9.65509",""
"Tunisia","2004","8.52882",""
"Tunisia","2003","6.49085",""
"Tunisia","2002","5.25289",""
"Tunisia","2001","4.29797",""
"Tunisia","2000","2.75074",""
"Tunisia","1999","1.60249",""
"Tunisia","1998","0.107941",""
"Tunisia","1997","0.043657",""
"Tunisia","1996","0.0276154",""
"Tunisia","1995","0.011192",""
"Tunisia","1994","0.00737954",""
"Tunisia","1990","0",""
"Uganda","2021","10",""
"Uganda","2020","7.4",""
"Uganda","2016","5.9",""
"Uganda","2015","5.8","1"
"Uganda","2014","5.4","1"
"Uganda","2013","5.1","1"
"Uganda","2012","4.8","1"
"Uganda","2011","4.6","1"
"Uganda","2010","4.3","1"
"Uganda","2009","4.1","1"
"Uganda","2008","3.88","1"
"Uganda","2007","3.67197",""
"Uganda","2006","2.52936",""
"Uganda","2005","1.74221",""
"Uganda","2004","0.719971",""
"Uganda","2003","0.46485",""
"Uganda","2002","0.384094",""
"Uganda","2001","0.237945",""
"Uganda","2000","0.163714",""
"Uganda","1999","0.105544",""
"Uganda","1998","0.0652895",""
"Uganda","1997","0.0103193",""
"Uganda","1996","0.00462595",""
"Uganda","1995","0.00286347",""
"Uganda","1990","0",""
"Zambia","2022","31.2342","1"
"Zambia","2021","26.9505","1"
"Zambia","2020","24.4992","1"
"Zambia","2019","18.7","1"
"Zambia","2018","14.3",""
"Zambia","2017","12.2","1"
"Zambia","2016","10.3","1"
"Zambia","2015","8.8","36"
"Zambia","2014","6.5","1"
"Zambia","2013","4.8",""
"Zambia","2012","4.1","1"
"Zambia","2011","3.5","1"
"Zambia","2010","3","1"
"Zambia","2009","2.5","1"
"Zambia","2008","2.2","1"
"Zambia","2007","1.9","1"
"Zambia","2006","1.6","1"
"Zambia","2005","1.3","1"
"Zambia","2004","1.1","1"
"Zambia","2003","0.980483",""
"Zambia","2002","0.477751",""
"Zambia","2001","0.23313",""
"Zambia","2000","0.191072",""
"Zambia","1999","0.147053",""
"Zambia","1998","0.0302262",""
"Zambia","1997","0.00932966",""
"Zambia","1996","0.00906918",""
"Zambia","1995","0.00878362",""
"Zambia","1994","0.00677611",""
"Zambia","1990","0",""
"Zimbabwe","2022","32.5615","1"
"Zimbabwe","2021","32.4616","1"
"Zimbabwe","2020","29.2986",""
"Zimbabwe","2019","26.5883","1"
"Zimbabwe","2018","25","1"
"Zimbabwe","2017","24.4","1"
"Zimbabwe","2016","23.12","1"
"Zimbabwe","2015","22.7428","1"
"Zimbabwe","2014","16.3647","37"
"Zimbabwe","2013","15.5","1"
"Zimbabwe","2012","12","1"
"Zimbabwe","2011","8.4","1"
"Zimbabwe","2010","6.4","1"
"Zimbabwe","2009","4","1"
"Zimbabwe","2008","3.5","1"
"Zimbabwe","2007","3","1"
"Zimbabwe","2006","2.4","1"
"Zimbabwe","2005","2.4","1"
"Zimbabwe","2004","2.1","1"
"Zimbabwe","2003","1.8","1"
"Zimbabwe","2002","1.1","1"
"Zimbabwe","2001","0.799846",""
"Zimbabwe","2000","0.401434",""
"Zimbabwe","1999","0.161676",""
"Zimbabwe","1998","0.0816485",""
"Zimbabwe","1997","0.0330803",""
"Zimbabwe","1996","0.0167905",""
"Zimbabwe","1995","0.00768354",""
"Zimbabwe","1994","0.00173928",""
"Zimbabwe","1990","0",""

"footnoteSeqID","Footnote"
"1","ITU estimate"
"2","Estimated based on DHS. ITU estimate."
"3","cet indicateur est calculé à base de la question B25 du questionnaire"
"4","IMC 2017 survey"
"5","IMC 2016 survey"
"6","IDRF 2015 survey"
"7","Estimate based on the number of fixed and mobile broadband subscriptions."
"8","Country estimate."
"9","Country estimate."
"10","ITU estimate."
"11","ITU estimate."
"12","Population age 6+."
"13","June."
"14","Ability to use the internet"
"15","Ghana Living Standards Survey 2012/2013. The estimate is based on weighting households who use internet by the household size over the total estimated population. Sample weights have also been applied. The question was asked at household level."
"16","Break in comparability: persons 12 years and older. Based on Census 2010 results."
"17","DHS"
"18","Findex. ITU estimate."
"19","Based on operators' information."
"20","Estimate based on DHS. ITU estimate."
"21","NSO estimate"
"22","NSO estimates"
"23","Revised Estimates"
"24","Estimated"
"25","estimate"
"26","Population age 5+."
"27","Population age 12+."
"28","Survey conducted by Rwanda Utilities Regulatory Agency in February 2010"
"29","Estimated based on DHS 2018.  ITU estimate."
"30","Refers to total population. ITU estimate."
"31","Refers to total population. Country estimates 17.5% for population age 12+."
"32","Refers to total population. Survey result: 16% for population age 12+. ITU estimate."
"33","Refers to total population. Survey result: 14.5% for population age 12+. ITU estimate."
"34","Data at 31st December 2001."
"35","Population age 15+."
"36","ICT survey. Population age 11+"
"37","Internet users aged 3 years and above who used the Internet in the last 3 months ending 30 June 2014."
